l/mm, npos/pC, npos_err
0.8, 2.515963955260674e-05, 1.9072436996071663e-06
1.5, 2.4188173069993388e-05, 9.56467244667496e-07
3.0, 2.283098712897717e-05, 9.003144770717822e-07
5.0, 2.3513877904782995e-05, 9.862226584248673e-07
10.0, 2.3298313523788938e-05, 3.6716110280791124e-07