d (mm), positron yield / pC, positron yield error / pC
0.5, 8.821294686549996e-05, 0.0
1.0,5.984218927776586e-05, 4.258802148213899e-07
1.5, 4.879238833912396e-05, 0.0