f/mm, npos/pC, npos_err
-3.1, 1.3764188058100038e-08, 3.575318795540069e-08
-2, 4.341659104468444e-06, 7.421405213164024e-07
-1, 1.3433791408696267e-05, 4.0217101701313615e-07
0, 3.1167347731793746e-05, 8.673532073139321e-08
1, 5.210638744389788e-05, 3.2113503394868727e-06
2, 7.951724384724356e-05, 5.596052457088632e-06
3., 5.358314792226211e-05, 1.4298677611651934e-06